"date","site","round","starttime","endtime","start30","end30","year","starttemp","endtemp","avg.temp"
2020-06-03,"Brush Creek Hill",NA,"10:00","10:37","10:00","10:30",NA,NA,NA,NA
2020-06-03,"Brush Creek Trail",NA,"11:20","11:50","11:30","12:00",NA,NA,NA,NA
2020-06-03,"Stupid Falls",NA,"10:08","10:46","10:00","11:00",NA,NA,NA,NA
2020-06-04,"Gothic Town",NA,"10:05","11:40","10:00","11:30",NA,NA,NA,NA
2020-06-04,"Ohio Pass Low",NA,"11:30","12:15","11:30","12:30",NA,NA,NA,NA
2020-06-05,"Meridian",NA,"11:40","11:50","11:30","12:00",NA,NA,NA,NA
2020-06-05,"Wash 3C",NA,"11:00","11:20","11:00","11:30",2020,24.931,26.879,25.905
2020-06-05,"Pfeiler",NA,"10:10","10:30","10:00","10:30",NA,NA,NA,NA
2020-06-08,"Brush Creek Hill",NA,"10:23","10:52","10:30","11:00",2020,18.806,19.853,19.3295
2020-06-08,"Brush Creek Trail",NA,"11:30","11:45","11:30","12:00",2020,21.378,19.092,20.235
2020-06-08,"Ohio Pass Low",NA,"11:05","11:37","11:00","11:30",2020,18.521,21.855,20.188
2020-06-10,"Stupid Falls",NA,"13:37","14:15","13:30","14:30",2020,20.329,20.615,20.472
2020-06-10,"Gothic Town",NA,"13:26","14:48","13:30","15:00",2020,20.138,19.282,19.71
2020-06-11,"403 Bench",NA,"10:28","10:44","10:30","10:30",2020,18.521,18.521,18.521
2020-06-11,"Rustlers Gulch",NA,"11:40","12:30","11:30","12:30",2020,19.853,20.424,20.1385
2020-06-11,"Avery Picnic",NA,"11:14","12:10","11:00","12:00",2020,18.711,23.869,21.29
2020-06-12,"Pfeiler",NA,"10:10","10:30","10:00","10:30",2020,22.046,20.996,21.521
2020-06-12,"Wash 3C",NA,"10:48","11:00","11:00","11:00",2020,25.708,25.708,25.708
2020-06-12,"Meridian",NA,"11:23","11:43","11:30","11:30",2020,28.06,28.06,28.06
2020-06-15,"Ohio Pass Low",NA,"10:00","10:15","10:00","10:30",2020,18.901,20.329,19.615
2020-06-15,"Ohio Pass High",NA,"10:55","11:11","11:00","11:00",2020,19.187,19.187,19.187
2020-06-15,"Kebler Pass",NA,"11:33","11:48","11:30","12:00",NA,NA,NA,NA
2020-06-15,"Lake Irwin",NA,"12:15","12:30","12:30","12:30",2020,23.966,23.966,23.966
2020-06-16,"Stupid Falls",NA,"10:00","10:26","10:00","10:30",2020,18.14,17.379,17.7595
2020-06-16,"Gothic Town",NA,"11:22","12:03","11:30","12:00",2020,19.282,19.567,19.4245
2020-06-16,"Brush Creek Hill",NA,"10:08","10:34","10:00","10:30",2020,21.76,21.76,21.76
2020-06-16,"Brush Creek Trail",NA,"10:52","10:55","11:00","11:00",2020,21.76,21.76,21.76
2020-06-17,"Avery Picnic",NA,"10:32","11:26","10:30","11:30",2020,12.98,27.272,20.126
2020-06-17,"Rustlers Gulch",NA,"11:58","12:46","12:00","13:00",2020,20.519,21.664,21.0915
2020-06-17,"403 Bench",NA,"10:40","10:47","10:30","11:00",2020,20.234,21.569,20.9015
2020-06-17,"Emerald Lake Hill",NA,"14:21","14:37","14:30","14:30",2020,29.152,29.152,29.152
2020-06-17,"Emerald Lake Shore",NA,"13:49","14:34","14:00","14:30",2020,25.805,21.187,23.496
2020-06-18,"Virginia Basin",NA,"11:35","12:25","11:30","12:30",2020,15.855,16.903,16.379
2020-06-18,"Pfeiler",NA,"11:00","11:13","11:00","11:00",2020,17.855,17.855,17.855
2020-06-18,"Wash 3C",NA,"10:05","10:35","10:00","10:30",2020,22.429,23.004,22.7165
2020-06-18,"Meridian",NA,"12:00","12:46","12:00","13:00",2020,18.426,21.473,19.9495
2020-06-22,"Ohio Pass Low",NA,"10:00","10:14","10:00","10:00",2020,20.424,20.424,20.424
2020-06-22,"Ohio Pass High",NA,"10:46","11:05","11:00","11:00",2020,21.282,21.282,21.282
2020-06-22,"Kebler Pass",NA,"11:24","11:41","11:30","11:30",2020,27.272,27.272,27.272
2020-06-22,"Lake Irwin",NA,"11:59","12:14","12:00","12:00",2020,26.097,26.097,26.097
2020-06-23,"Stupid Falls",NA,"12:47","13:15","13:00","13:30",2020,30.963,30.659,30.811
2020-06-23,"Gothic Town",NA,"10:22","11:45","10:30","12:00",2020,24.255,26.39,25.3225
2020-06-23,"Brush Creek Hill",NA,"11:26","11:56","11:30","12:00",2020,29.053,30.659,29.856
2020-06-23,"Brush Creek Trail",NA,"10:25","10:54","10:30","11:00",2020,25.319,26,25.6595
2020-06-24,"Avery Picnic",NA,"11:50","12:28","12:00","12:30",2020,25.416,31.778,28.597
2020-06-24,"403 Bench",NA,"10:05","10:10","10:00","10:00",2020,20.424,20.424,20.424
2020-06-24,"Rustlers Gulch",NA,"10:08","10:45","10:00","11:00",2020,22.812,21.569,22.1905
2020-06-24,"Emerald Lake Hill",NA,"13:32","14:01","13:30","14:00",2020,29.652,31.676,30.664
2020-06-24,"Emerald Lake Shore",NA,"13:49","14:56","14:00","15:00",2020,26.781,26.292,26.5365
2020-06-25,"Virginia Basin",NA,"9:47","11:35","10:00","11:30",2020,19.662,25.028,22.345
2020-06-25,"Meridian",NA,"10:34","11:10","10:30","11:00",2020,22.333,22.717,22.525
2020-06-25,"Wash 3C",NA,"11:41","12:14","11:30","12:00",2020,29.853,30.356,30.1045
2020-06-26,"Pfeiler",NA,"10:52","11:21","11:00","11:30",2020,21.569,22.525,22.047
2020-06-29,"Ohio Pass Low",NA,"12:12","12:26","12:00","12:30",2020,25.125,24.351,24.738
2020-06-29,"Ohio Pass High",NA,"11:27","11:41","11:30","11:30",2020,23.292,23.292,23.292
2020-06-29,"Kebler Pass",NA,"10:41","10:58","10:30","11:00",2020,23.388,23.1,23.244
2020-06-29,"Lake Irwin",NA,"10:08","10:21","10:00","10:30",2020,19.662,22.525,21.0935
2020-06-30,"Stupid Falls",NA,"13:23","13:38","13:30","13:30",NA,NA,NA,NA
2020-06-30,"Gothic Town",NA,"12:10","13:00","12:00","13:00",2020,18.616,19.282,18.949
2020-06-30,"Brush Creek Hill",NA,"10:40","11:10","10:30","11:00",2020,20.138,20.996,20.567
2020-06-30,"Brush Creek Trail",NA,"11:30","12:00","11:30","12:00",2020,18.426,18.711,18.5685
2020-06-30,"Emerald Lake Hill",NA,"14:49","15:28","15:00","15:30",2020,26.585,24.158,25.3715
2020-06-30,"Emerald Lake Shore",NA,"15:07","15:39","15:00","15:30",2020,16.903,16.713,16.808
2020-07-01,"Avery Picnic",NA,"10:38","11:35","10:30","11:30",2020,10.944,28.357,19.6505
2020-07-01,"403 Bench",NA,"12:49","13:02","13:00","13:00",2020,27.272,27.272,27.272
2020-07-01,"Rustlers Gulch",NA,"12:01","12:47","12:00","13:00",2020,22.333,23.966,23.1495
2020-07-02,"Virginia Basin",NA,"11:12","12:39","11:00","12:30",2020,22.525,25.708,24.1165
2020-07-02,"Meridian",NA,"13:22","13:51","13:30","14:00",2020,32.911,26.977,29.944
2020-07-02,"Wash 3C",NA,"10:59","11:11","11:00","11:00",2020,28.853,28.853,28.853
2020-07-02,"Pfeiler",NA,"11:44","12:35","11:30","12:30",2020,23.677,24.062,23.8695
2020-07-06,"Lake Irwin",NA,"10:08","10:29","10:00","10:30",2020,28.258,29.552,28.905
2020-07-06,"Kebler Pass",NA,"10:55","11:16","11:00","11:30",NA,NA,NA,NA
2020-07-06,"Ohio Pass High",NA,"11:53","12:09","12:00","12:00",2020,28.06,28.06,28.06
2020-07-06,"Ohio Pass Low",NA,"12:41","12:55","12:30","13:00",2020,20.519,21.569,21.044
2020-07-07,"Gothic Town",NA,"12:10","13:22","12:00","13:30",2020,25.708,23.966,24.837
2020-07-07,"Stupid Falls",NA,"10:25","11:01","10:30","11:00",NA,NA,NA,NA
2020-07-07,"Brush Creek Hill",NA,"11:57","12:30","12:00","12:30",2020,36.187,37.604,36.8955
2020-07-07,"Brush Creek Trail",NA,"10:30","11:21","10:30","11:30",2020,27.075,31.676,29.3755
2020-07-08,"Avery Picnic",NA,"10:33","11:06","10:30","11:00",2020,12.497,24.738,18.6175
2020-07-08,"Rustlers Gulch",NA,"12:01","12:34","12:00","12:30",2020,24.351,25.125,24.738
2020-07-08,"403 Bench",NA,"12:17","12:52","12:30","13:00",2020,27.961,29.152,28.5565
2020-07-08,"Emerald Lake Hill",NA,"14:01","14:21","14:00","14:30",2020,29.853,29.652,29.7525
2020-07-08,"Emerald Lake Shore",NA,"13:17","13:42","13:30","13:30",2020,26.292,26.292,26.292
2020-07-09,"Virginia Basin",NA,"11:00","12:52","11:00","13:00",2020,25.319,26.39,25.8545
2020-07-10,"Meridian",NA,"10:27","10:53","10:30","11:00",2020,25.222,26.292,25.757
2020-07-10,"Wash 3C",NA,"11:28","12:02","11:30","12:00",2020,33.743,34.268,34.0055
2020-07-10,"Pfeiler",NA,"11:34","12:06","11:30","12:00",2020,27.961,30.054,29.0075
2020-07-13,"Ohio Pass Low",NA,"10:01","10:18","10:00","10:30",2020,19.282,19.662,19.472
2020-07-13,"Stupid Falls",NA,"14:35","14:50","14:30","15:00",NA,NA,NA,NA
2020-07-14,"Avery Picnic",NA,"10:05","10:40","10:00","10:30",2020,14.038,15.282,14.66
2020-07-14,"403 Bench",NA,"11:51","12:24","12:00","12:30",2020,21.664,18.901,20.2825
2020-07-14,"Rustlers Gulch",NA,"11:28","11:54","11:30","12:00",2020,22.908,24.641,23.7745
2020-07-14,"Emerald Lake Hill",NA,"13:15","13:37","13:30","13:30",2020,24.351,24.351,24.351
2020-07-14,"Emerald Lake Shore",NA,"13:33","14:13","13:30","14:00",2020,22.812,23.966,23.389
2020-07-15,"Virginia Basin",NA,"10:40","12:38","10:30","12:30",2020,21.282,25.319,23.3005
2020-07-15,"Brush Creek Hill",NA,"10:17","10:50","10:30","11:00",2020,26.292,28.754,27.523
2020-07-15,"Brush Creek Trail",NA,"11:23","11:59","11:30","12:00",2020,28.655,30.255,29.455
2020-07-15,"Gothic Town",NA,"12:40","13:24","12:30","13:30",2020,27.075,24.641,25.858
2020-07-16,"Wash 3C",NA,"11:05","12:03","11:00","12:00",2020,29.752,30.76,30.256
2020-07-16,"Pfeiler",NA,"10:16","11:26","10:30","11:30",2020,21.855,27.272,24.5635
2020-07-17,"Ohio Pass High",NA,"10:00","10:38","10:00","10:30",2020,17.379,18.711,18.045
2020-07-17,"Kebler Pass",NA,"11:10","11:37","11:00","11:30",NA,NA,NA,NA
2020-07-17,"Lake Irwin",NA,"12:13","12:40","12:00","12:30",2020,27.37,23.484,25.427
2020-07-18,"Meridian",NA,"10:13","11:22","10:00","11:30",2020,19.662,22.621,21.1415
2020-07-21,"Avery Picnic",NA,"10:00","12:10","10:00","12:00",2020,11.139,27.665,19.402
2020-07-21,"403 Bench",NA,"10:29","11:28","10:30","11:30",2020,22.812,28.555,25.6835
2020-07-21,"Rustlers Gulch",NA,"12:51","13:30","13:00","13:30",2020,24.931,27.272,26.1015
2020-07-23,"Virginia Basin",NA,"10:43","13:26","10:30","13:30",2020,14.613,20.996,17.8045
2020-07-23,"Emerald Lake Hill",NA,"11:44","12:24","11:30","12:30",2020,18.996,27.567,23.2815
2020-07-23,"Emerald Lake Shore",NA,"10:00","11:13","10:00","11:00",2020,20.805,23.196,22.0005
2020-07-23,"Pfeiler",NA,"13:40","14:42","13:30","14:30",2020,27.075,29.053,28.064
2020-07-27,"Lake Irwin",NA,"10:30","11:02","10:30","11:00",2020,23.581,24.931,24.256
2020-07-27,"Kebler Pass",NA,"9:35","10:33","09:30","10:30",NA,NA,NA,NA
2020-07-27,"Ohio Pass High",NA,"11:21","11:55","11:30","12:00",2020,25.513,26.195,25.854
2020-07-27,"Brush Creek Trail",NA,"12:30","13:00","12:30","13:00",2020,28.555,27.567,28.061
2020-07-28,"Wash 3C",NA,"12:01","12:35","12:00","12:30",2020,23.1,22.812,22.956
2020-07-28,"Pfeiler",NA,"11:11","11:40","11:00","11:30",2020,19.282,19.758,19.52
2020-07-29,"Virginia Basin",NA,"10:32","13:03","10:30","13:00",2020,18.331,19.948,19.1395
2020-07-29,"Emerald Lake Hill",NA,"11:35","12:20","11:30","12:30",2020,21.76,19.187,20.4735
2020-07-29,"Emerald Lake Shore",NA,"10:00","11:00","10:00","11:00",2020,20.424,23.004,21.714
2020-07-30,"403 Bench",NA,"11:25","12:25","11:30","12:30",2020,24.835,NA,24.835
2020-07-31,"Ohio Pass High",NA,"9:44","10:16","09:30","10:30",2020,13.558,NA,13.558
2020-07-31,"Kebler Pass",NA,"10:40","11:10","10:30","11:00",NA,NA,NA,NA
2020-07-31,"Lake Irwin",NA,"11:38","12:08","11:30","12:00",2020,33.43,30.963,32.1965
2021-05-06,"Ohio Pass Low",NA,"12:34","12:54","12:30","13:00",NA,NA,NA,NA
2021-05-14,"Brush Creek Hill",NA,"11:02","11:38","11:00","11:30",NA,NA,NA,NA
2021-05-14,"Ohio Pass Low",NA,"13:25","13:55","13:30","14:00",NA,NA,NA,NA
2021-05-20,"Ohio Pass Low",NA,"10:10","11:00","10:00","11:00",NA,NA,NA,NA
2021-05-25,"Brush Creek Trail",NA,"12:30","12:55","12:30","13:00",2021,18.14,18.996,18.568
2021-05-25,"Brush Creek Hill",NA,"11:05","11:35","11:00","11:30",2021,20.615,20.615,20.615
2021-05-27,"Meridian",NA,"10:56","11:37","11:00","11:30",NA,NA,NA,NA
2021-05-27,"Wash 3C",NA,"9:53","10:23","10:00","10:30",2021,17.665,17.284,17.4745
2021-05-27,"Stupid Falls",NA,"12:45","13:17","13:00","13:30",2021,18.045,19.662,18.8535
2021-05-27,"Gothic Town",NA,"13:50","14:38","14:00","14:30",2021,17.855,20.043,18.949
2021-05-28,"Ohio Pass Low",NA,"11:52","12:56","12:00","13:00",2021,22.717,23.388,23.0525
2021-06-01,"Kebler Pass",NA,"12:59","13:14","13:00","13:00",2021,18.806,18.806,18.806
2021-06-01,"Lake Irwin",NA,"12:19","12:44","12:30","12:30",2021,15.951,15.951,15.951
2021-06-01,"Coal Creek",NA,"13:27","13:42","13:30","13:30",2021,19.092,19.092,19.092
2021-05-29,"403 Bench",NA,"12:58","13:40","13:00","13:30",2021,21.76,23.1,22.43
2021-06-02,"Gothic Town",NA,"9:57","10:42","10:00","10:30",2021,20.805,20.234,20.5195
2021-06-02,"Stupid Falls",NA,"12:40","12:58","12:30","13:00",2021,22.812,25.222,24.017
2021-06-03,"Rustlers Gulch",NA,"13:10","13:30","13:00","13:30",NA,NA,NA,NA
2021-06-03,"Wash 3C",NA,"10:46","11:01","11:00","11:00",2021,23.869,23.869,23.869
2021-06-03,"Meridian",NA,"11:36","11:50","11:30","12:00",2021,28.06,26.195,27.1275
2021-06-03,"Pfeiler",NA,"9:45","10:16","10:00","10:30",NA,NA,NA,NA
2021-06-04,"Brush Creek Trail",1,"10:00","10:35","10:00","10:30",2021,21.951,22.525,22.238
2021-06-04,"Brush Creek Trail",2,"11:59","12:40","12:00","12:30",2021,24.931,25.61,25.2705
2021-06-04,"Brush Creek Trail",3,"14:00","14:30","14:00","14:30",2021,26.585,27.075,26.83
2021-06-04,"Brush Creek Hill",1,"10:00","10:40","10:00","10:30",2021,29.853,28.655,29.254
2021-06-04,"Brush Creek Hill",2,"12:00","12:32","12:00","12:30",2021,30.457,31.472,30.9645
2021-06-04,"Brush Creek Hill",3,"13:55","14:29","14:00","14:30",2021,30.054,30.356,30.205
2021-06-07,"Avery Picnic",NA,"10:40","12:10","10:30","12:00",2021,17.379,20.71,19.0445
2021-06-07,"403 Bench",NA,"10:28","11:07","10:30","11:00",2021,22.142,23.869,23.0055
2021-06-07,"Rustlers Gulch",NA,"12:56","13:39","13:00","13:30",2021,22.717,24.448,23.5825
2021-06-08,"Ohio Pass Low",NA,"9:44","10:06","09:30","10:00",2021,20.901,20.901,20.901
2021-06-08,"Lake Irwin",NA,"12:40","12:55","12:30","13:00",2021,26,26,26
2021-06-08,"Coal Creek",NA,"13:21","13:30","13:30","13:30",2021,27.961,27.961,27.961
2021-06-08,"Ohio Pass High",NA,"11:32","12:10","11:30","12:00",2021,21.76,21.855,21.8075
2021-06-09,"Stupid Falls",1,"10:25","10:57","10:30","11:00",2021,25.708,25.416,25.562
2021-06-09,"Stupid Falls",2,"12:06","12:42","12:00","12:30",2021,26.097,25.416,25.7565
2021-06-09,"Stupid Falls",3,"14:00","14:30","14:00","14:30",2021,27.862,27.665,27.7635
2021-06-09,"Kebler Pass",1,"10:00","10:42","10:00","10:30",2021,25.319,26.195,25.757
2021-06-09,"Kebler Pass",2,"12:00","12:35","12:00","12:30",2021,29.552,30.054,29.803
2021-06-09,"Kebler Pass",3,"14:00","14:29","14:00","14:30",2021,32.291,30.255,31.273
2021-06-10,"Brush Creek Trail",1,"10:00","10:30","10:00","10:30",2021,25.319,27.862,26.5905
2021-06-10,"Brush Creek Trail",2,"12:00","12:26","12:00","12:30",2021,23.004,21.76,22.382
2021-06-10,"Brush Creek Trail",3,"14:00","14:28","14:00","14:30",2021,22.812,25.805,24.3085
2021-06-10,"Brush Creek Hill",1,"10:02","10:38","10:00","10:30",2021,28.159,30.356,29.2575
2021-06-10,"Brush Creek Hill",2,"11:59","12:32","12:00","12:30",2021,24.351,22.046,23.1985
2021-06-10,"Brush Creek Hill",3,"13:59","14:40","14:00","14:30",2021,24.351,27.075,25.713
2021-06-11,"Gothic Town",NA,"10:17","11:12","10:30","11:00",2021,22.046,23.196,22.621
2021-06-11,"Meridian",NA,"10:40","11:15","10:30","11:30",2021,24.158,24.931,24.5445
2021-06-11,"Wash 3C",NA,"13:38","14:17","13:30","14:30",2021,26.097,26.977,26.537
2021-06-11,"Pfeiler",NA,"12:29","13:07","12:30","13:00",2021,26.585,26.585,26.585
2021-06-14,"Rustlers Gulch",1,"10:10","10:54","10:00","11:00",2021,25.513,28.655,27.084
2021-06-14,"Rustlers Gulch",2,"12:00","12:44","12:00","12:30",2021,28.655,28.159,28.407
2021-06-14,"Rustlers Gulch",3,"13:59","14:30","14:00","14:30",2021,28.456,30.054,29.255
2021-06-14,"Stupid Falls",1,"10:10","11:14","10:00","11:00",2021,28.357,27.961,28.159
2021-06-14,"Stupid Falls",2,"12:11","12:50","12:00","13:00",2021,30.659,29.552,30.1055
2021-06-14,"Stupid Falls",3,"14:00","14:36","14:00","14:30",2021,29.152,30.054,29.603
2021-06-15,"Avery Picnic",NA,"10:20","11:24","10:30","11:30",2021,18.331,33.848,26.0895
2021-06-15,"Coal Creek",NA,"14:18","14:35","14:30","14:30",2021,33.743,33.743,33.743
2021-06-15,"Lake Irwin",NA,"13:31","13:58","13:30","14:00",2021,33.639,34.058,33.8485
2021-06-15,"Ohio Pass High",NA,"12:14","13:00","12:00","13:00",2021,28.953,30.154,29.5535
2021-06-15,"Ohio Pass Low",NA,"10:58","11:23","11:00","11:30",2021,26.585,27.961,27.273
2021-06-16,"Kebler Pass",1,"10:15","10:41","10:30","10:30",2021,32.291,32.291,32.291
2021-06-16,"Kebler Pass",2,"12:00","12:30","12:00","12:30",2021,34.903,35.649,35.276
2021-06-16,"Kebler Pass",3,"14:00","14:25","14:00","14:30",2021,35.115,35.115,35.115
2021-06-17,"403 Bench",NA,"10:35","10:55","10:30","11:00",2021,29.152,30.659,29.9055
2021-06-17,"Gothic Town",NA,"13:01","13:50","13:00","14:00",2021,29.652,26.977,28.3145
2021-06-17,"Brush Creek Hill",1,"10:05","10:40","10:00","10:30",2021,30.457,32.394,31.4255
2021-06-17,"Brush Creek Hill",2,"12:00","12:35","12:00","12:30",2021,36.079,38.046,37.0625
2021-06-17,"Brush Creek Hill",3,"14:33","15:02","14:30","15:00",2021,31.88,31.778,31.829
2021-06-17,"Brush Creek Trail",NA,"13:41","14:20","13:30","14:30",2021,31.778,33.014,32.396
2021-06-18,"Pfeiler",NA,"10:20","10:35","10:30","10:30",2021,28.555,28.555,28.555
2021-06-18,"Wash 3C",NA,"11:23","11:44","11:30","11:30",2021,31.778,31.778,31.778
2021-06-18,"Meridian",NA,"12:39","13:00","12:30","13:00",2021,29.053,30.963,30.008
2021-06-21,"Rustlers Gulch",1,"10:00","10:34","10:00","10:30",2021,21.76,22.525,22.1425
2021-06-21,"Rustlers Gulch",2,"12:00","12:31","12:00","12:30",2021,23.388,24.641,24.0145
2021-06-21,"Rustlers Gulch",3,"14:00","14:20","14:00","14:30",2021,25.125,24.835,24.98
2021-06-21,"Stupid Falls",1,"10:00","10:26","10:00","10:30",2021,24.448,24.738,24.593
2021-06-21,"Stupid Falls",2,"11:59","12:36","12:00","12:30",2021,26.488,27.468,26.978
2021-06-21,"Stupid Falls",3,"13:59","14:28","14:00","14:30",2021,27.862,28.456,28.159
2021-06-22,"Avery Picnic",NA,"10:15","12:05","10:30","12:00",2021,17.95,32.497,25.2235
2021-06-23,"Virginia Basin",NA,"","",NA,NA,NA,NA,NA,NA
2021-06-22,"Coal Creek",NA,"11:01","11:30","11:00","11:30",2021,31.268,30.76,31.014
2021-06-22,"Ohio Pass High",NA,"13:11","13:35","13:00","13:30",2021,25.61,26.292,25.951
2021-06-22,"Lake Irwin",NA,"12:00","12:35","12:00","12:30",2021,30.054,29.053,29.5535
2021-06-23,"Kebler Pass",NA,"10:22","11:00","10:30","11:00",2021,25.125,20.805,22.965
2021-06-23,"Ohio Pass Low",NA,"12:15","12:45","12:30","13:00",2021,23.484,25.902,24.693
2021-06-23,"Brush Creek Trail",NA,"14:15","15:02","14:30","15:00",2021,34.374,28.555,31.4645
2021-06-24,"Gothic Town",NA,"10:20","11:36","10:30","11:30",2021,17.855,17.855,17.855
2021-06-24,"403 Bench",NA,"10:15","10:35","10:30","10:30",2021,19.472,19.472,19.472
2021-06-24,"Brush Creek Hill",1,"10:10","10:41","10:00","10:30",2021,27.961,26.977,27.469
2021-06-24,"Brush Creek Hill",2,"12:00","12:30","12:00","12:30",2021,27.272,26.292,26.782
2021-06-25,"Wash 3C",NA,"11:25","11:47","11:30","12:00",2021,20.996,21.378,21.187
2021-06-25,"Pfeiler",NA,"12:14","12:35","12:00","12:30",2021,18.616,16.808,17.712
2021-06-25,"Meridian",NA,"10:24","10:50","10:30","11:00",2021,14.134,16.713,15.4235
2021-06-28,"Virginia Basin",NA,"10:40","11:27","10:30","11:30",2021,18.426,18.236,18.331
2021-06-28,"Lake Irwin",NA,"10:25","10:46","10:30","11:00",2021,16.427,16.618,16.5225
2021-06-28,"Ohio Pass High",NA,"11:06","11:30","11:00","11:30",2021,20.519,21.473,20.996
2021-06-28,"Ohio Pass Low",NA,"11:51","12:13","12:00","12:00",2021,22.812,22.812,22.812
2021-06-29,"Stupid Falls",3,"13:55","14:10","14:00","14:00",2021,24.738,24.738,24.738
2021-06-29,"Stupid Falls",1,"10:30","10:50","10:30","11:00",2021,14.517,16.237,15.377
2021-06-29,"Stupid Falls",2,"11:50","12:19","12:00","12:30",2021,23.196,25.416,24.306
2021-06-29,"Brush Creek Trail",NA,"10:20","11:12","10:30","11:00",2021,14.613,18.331,16.472
2021-06-29,"Coal Creek",NA,"12:14","12:46","12:00","13:00",2021,16.713,18.426,17.5695
2021-06-30,"Avery Picnic",NA,"10:02","11:11","10:00","11:00",2021,13.846,21.187,17.5165
2021-06-30,"Rustlers Gulch",1,"10:00","10:23","10:00","10:30",2021,18.901,21.569,20.235
2021-06-30,"Rustlers Gulch",2,"11:52","12:21","12:00","12:30",2021,23.1,20.901,22.0005
2021-06-30,"Rustlers Gulch",3,"13:55","14:18","14:00","14:30",2021,20.234,21.091,20.6625
2021-07-01,"403 Bench",NA,"10:23","10:56","10:30","11:00",2021,19.377,15.664,17.5205
2021-07-01,"Gothic Town",NA,"10:25","12:37","10:30","12:30",2021,22.046,21.282,21.664
2021-07-01,"Kebler Pass",1,"10:19","10:57","10:30","11:00",2021,23.773,21.473,22.623
2021-07-01,"Kebler Pass",2,"12:26","13:08","12:30","13:00",2021,21.378,21.091,21.2345
2021-07-01,"Kebler Pass",3,"14:20","15:11","14:30","15:00",2021,24.062,25.513,24.7875
2021-07-02,"Virginia Basin",NA,"10:43","12:20","10:30","12:30",2021,19.853,22.812,21.3325
2021-07-02,"Brush Creek Hill",NA,"14:27","14:52","14:30","15:00",2021,22.429,28.06,25.2445
2021-07-02,"Pfeiler",NA,"10:33","10:57","10:30","11:00",2021,22.046,21.951,21.9985
2021-07-02,"Wash 3C",NA,"11:32","11:55","11:30","12:00",2021,30.356,24.351,27.3535
2021-07-02,"Meridian",NA,"13:05","13:36","13:00","13:30",2021,22.333,22.429,22.381
2021-07-05,"Lake Irwin",NA,"10:42","11:23","10:30","11:30",2021,26.195,27.961,27.078
2021-07-05,"Ohio Pass High",NA,"12:13","12:52","12:00","13:00",2021,29.252,31.472,30.362
2021-07-05,"Ohio Pass Low",NA,"13:34","14:10","13:30","14:00",2021,30.558,28.953,29.7555
2021-07-06,"Brush Creek Trail",NA,"10:24","11:04","10:30","11:00",2021,24.738,26.292,25.515
2021-07-06,"Coal Creek",NA,"12:01","12:30","12:00","12:30",2021,25.222,26.39,25.806
2021-07-06,"Avery Picnic",NA,"11:43","13:14","11:30","13:00",2021,24.835,29.953,27.394
2021-07-06,"Rustlers Gulch",1,"10:04","10:45","10:00","11:00",2021,24.255,24.448,24.3515
2021-07-06,"Rustlers Gulch",2,"12:01","13:00","12:00","13:00",2021,22.908,23.773,23.3405
2021-07-06,"Rustlers Gulch",3,"14:03","14:54","14:00","15:00",2021,26.585,23.966,25.2755
2021-07-07,"Virginia Basin",NA,"10:48","13:40","11:00","13:30",2021,21.664,27.272,24.468
2021-07-07,"Kebler Pass",1,"10:08","10:58","10:00","11:00",2021,27.665,30.558,29.1115
2021-07-07,"Kebler Pass",2,"11:57","12:57","12:00","13:00",2021,32.497,33.953,33.225
2021-07-07,"Kebler Pass",3,"13:55","14:36","14:00","14:30",2021,33.639,33.535,33.587
2021-07-08,"403 Bench",NA,"10:19","10:57","10:30","11:00",2021,22.046,24.931,23.4885
2021-07-08,"Gothic Town",NA,"10:56","12:19","11:00","12:30",2021,25.61,25.902,25.756
2021-07-08,"Brush Creek Hill",1,"10:11","10:51","10:00","11:00",2021,33.639,35.649,34.644
2021-07-08,"Brush Creek Hill",2,"12:02","12:46","12:00","13:00",2021,37.714,38.826,38.27
2021-07-08,"Brush Creek Hill",3,"14:00","14:40","14:00","14:30",2021,35.435,32.394,33.9145
2021-07-09,"Wash 3C",NA,"10:53","11:20","11:00","11:30",2021,35.756,36.62,36.188
2021-07-09,"Pfeiler",NA,"11:59","12:18","12:00","12:30",2021,32.188,34.163,33.1755
2021-07-09,"Meridian",NA,"13:03","13:35","13:00","13:30",2021,33.326,31.983,32.6545
2021-07-09,"Stupid Falls",1,"10:16","11:02","10:30","11:00",2021,33.848,33.326,33.587
2021-07-09,"Stupid Falls",2,"12:04","12:48","12:00","13:00",2021,33.743,31.472,32.6075
2021-07-09,"Stupid Falls",3,"14:00","14:41","14:00","14:30",2021,31.88,27.665,29.7725
2021-07-12,"Ohio Pass High",NA,"12:15","12:43","12:30","12:30",2021,29.552,29.552,29.552
2021-07-12,"Ohio Pass Low",NA,"10:38","11:18","10:30","11:30",2021,23.196,25.708,24.452
2021-07-12,"Lake Irwin",NA,"13:36","13:59","13:30","14:00",2021,30.154,32.6,31.377
2021-07-12,"Coal Creek",NA,"14:41","15:05","14:30","15:00",2021,31.268,31.166,31.217
2021-07-13,"Avery Picnic",NA,"10:50","12:02","11:00","12:00",2021,25.805,31.88,28.8425
2021-07-13,"Rustlers Gulch",1,"10:03","10:37","10:00","10:30",2021,22.429,25.319,23.874
2021-07-13,"Rustlers Gulch",2,"12:00","12:42","12:00","12:30",2021,29.552,30.76,30.156
2021-07-13,"Rustlers Gulch",3,"13:59","14:19","14:00","14:30",2021,23.869,20.424,22.1465
2021-07-15,"403 Bench",NA,"10:00","10:30","10:00","10:30",2021,16.332,18.616,17.474
2021-07-15,"Meridian",NA,"10:15","10:39","10:30","10:30",2021,17.189,17.189,17.189
2021-07-15,"Wash 3C",NA,"11:28","11:56","11:30","12:00",2021,23.966,22.046,23.006
2021-07-15,"Pfeiler",NA,"12:51","13:14","13:00","13:00",2021,24.062,24.062,24.062
2021-07-15,"Stupid Falls",1,"10:11","10:57","10:00","11:00",2021,23.677,26.097,24.887
2021-07-15,"Stupid Falls",2,"12:08","12:40","12:00","12:30",2021,25.028,26.585,25.8065
2021-07-15,"Stupid Falls",3,"13:50","14:42","14:00","14:30",2021,25.61,24.255,24.9325
2021-07-16,"Virginia Basin",NA,"10:00","11:05","10:00","11:00",2021,20.234,20.329,20.2815
2021-07-16,"Kebler Pass",1,"10:00","10:54","10:00","11:00",2021,24.062,19.948,22.005
2021-07-16,"Kebler Pass",2,"12:00","12:59","12:00","13:00",2021,22.812,27.272,25.042
2021-07-16,"Kebler Pass",3,"14:00","14:52","14:00","15:00",2021,29.752,29.953,29.8525
2021-07-19,"Avery Picnic",NA,"10:45","12:34","11:00","12:30",2021,22.525,26.977,24.751
2021-07-19,"403 Bench",NA,"10:35","11:29","10:30","11:30",2021,23.004,25.805,24.4045
2021-07-19,"Rustlers Gulch",1,"9:56","10:43","10:00","10:30",2021,23.966,24.931,24.4485
2021-07-19,"Rustlers Gulch",2,"12:00","12:49","12:00","13:00",2021,22.238,29.053,25.6455
2021-07-19,"Rustlers Gulch",3,"13:56","14:48","14:00","15:00",2021,26.488,25.513,26.0005
2021-07-18,"Brush Creek Trail",NA,"11:10","13:10","11:00","13:00",2021,27.567,34.691,31.129
2021-07-17,"Gothic Town",NA,"10:49","13:08","11:00","13:00",2021,25.708,20.996,23.352
2021-07-20,"Lake Irwin",NA,"13:11","13:33","13:00","13:30",2021,31.676,29.152,30.414
2021-07-20,"Ohio Pass Low",NA,"10:50","11:51","11:00","12:00",2021,26.488,28.853,27.6705
2021-07-20,"Ohio Pass High",NA,"11:18","12:28","11:30","12:30",2021,27.665,28.953,28.309
2021-07-21,"Virginia Basin",NA,"10:02","11:50","10:00","12:00",2021,17.475,25.125,21.3
2021-07-21,"Kebler Pass",1,"10:06","10:51","10:00","11:00",2021,22.142,25.902,24.022
2021-07-21,"Kebler Pass",2,"12:06","13:04","12:00","13:00",2021,29.552,31.88,30.716
2021-07-21,"Kebler Pass",3,"14:00","14:37","14:00","14:30",2021,31.778,31.37,31.574
2021-07-21,"Coal Creek",NA,"11:11","11:47","11:00","12:00",2021,28.357,28.456,28.4065
2021-07-22,"Gothic Town",NA,"9:55","11:06","10:00","11:00",2021,22.046,25.416,23.731
2021-07-22,"Brush Creek Trail",NA,"12:02","13:46","12:00","14:00",2021,32.497,30.862,31.6795
2021-07-22,"Brush Creek Hill",1,"10:01","10:42","10:00","10:30",2021,27.567,28.06,27.8135
2021-07-22,"Brush Creek Hill",2,"12:00","12:52","12:00","13:00",2021,31.88,32.497,32.1885
2021-07-22,"Brush Creek Hill",3,"14:00","14:35","14:00","14:30",2021,35.222,30.457,32.8395
2021-07-23,"Pfeiler",NA,"10:12","10:48","10:00","11:00",2021,23.869,23.581,23.725
2021-07-23,"Meridian",NA,"11:27","12:01","11:30","12:00",2021,27.075,24.641,25.858
2021-07-23,"Stupid Falls",1,"10:00","11:00","10:00","11:00",2021,28.953,31.166,30.0595
2021-07-23,"Stupid Falls",2,"12:02","12:45","12:00","13:00",2021,33.326,26.977,30.1515
2021-07-23,"Wash 3C",NA,"10:47","12:24","11:00","12:30",2021,29.452,21.282,25.367
2021-07-26,"Ohio Pass High",NA,"10:16","10:44","10:30","10:30",2021,21.282,21.282,21.282
2021-07-26,"Lake Irwin",NA,"11:25","12:02","11:30","12:00",2021,22.429,23.773,23.101
2021-07-26,"Coal Creek",NA,"13:56","14:12","14:00","14:00",2021,29.853,29.853,29.853
2021-07-26,"Ohio Pass Low",NA,"11:00","13:12","11:00","13:00",2021,23.004,24.641,23.8225
2021-07-27,"Avery Picnic",NA,"10:39","12:02","10:30","12:00",2021,15.282,23.677,19.4795
2021-07-27,"Rustlers Gulch",1,"10:00","10:41","10:00","10:30",2021,22.621,22.429,22.525
2021-07-27,"Rustlers Gulch",2,"12:00","12:51","12:00","13:00",2021,26.488,31.778,29.133
2021-07-27,"Rustlers Gulch",3,"14:01","14:46","14:00","15:00",2021,25.125,NA,25.125
2021-07-28,"Kebler Pass",1,"10:05","10:58","10:00","11:00",2021,27.862,29.552,28.707
2021-07-28,"Kebler Pass",2,"12:00","12:41","12:00","12:30",2021,32.291,34.585,33.438
2021-07-28,"Virginia Basin",NA,"10:14","12:32","10:00","12:30",2021,15.76,26.585,21.1725
2021-07-29,"Brush Creek Trail",NA,"10:40","11:32","10:30","11:30",2021,25.513,26.879,26.196
2021-07-29,"Brush Creek Hill",NA,"12:38","13:14","12:30","13:00",2021,28.853,32.188,30.5205
2021-07-29,"Gothic Town",NA,"10:50","12:23","11:00","12:30",2021,25.416,25.513,25.4645
2021-07-30,"Pfeiler",NA,"10:51","12:40","11:00","12:30",2021,23.581,25.319,24.45
2021-07-30,"Meridian",NA,"10:17","10:55","10:30","11:00",2021,19.377,22.621,20.999
2021-07-30,"Wash 3C",NA,"11:46","12:40","12:00","12:30",2021,31.676,31.268,31.472
2021-08-04,"403 Bench",NA,"10:19","10:43","10:30","10:30",2021,18.426,18.426,18.426
2021-08-04,"Avery Picnic",NA,"12:01","12:26","12:00","12:30",2021,20.138,22.717,21.4275
2021-08-05,"Virginia Basin",1,"9:56","10:19","10:00","10:30",2021,18.14,NA,18.14
2021-08-05,"Virginia Basin",2,"13:24","13:41","13:30","13:30",NA,NA,NA,NA
2021-06-18,"Virginia Basin",NA,"11:41","13:00","11:30","13:00",2021,27.468,31.064,29.266
2022-06-07,"Brush Creek Hill",1,"10:00","10:29","10:00","10:30",2022,18.90111111,20.615,19.758055555
2022-06-07,"Brush Creek Hill",2,"12:00","12:37","12:00","12:30",2022,23.29222222,23.48388889,23.388055555
2022-06-07,"Brush Creek Hill",3,"14:00","14:29","14:00","14:30",2022,25.02777778,24.06222222,24.545
2022-06-08,"Ohio Pass Low",1,"10:00","10:29","10:00","10:30",2022,19.37722222,22.23777778,20.8075
2022-06-08,"Ohio Pass Low",2,"12:00","12:39","12:00","12:30",2022,25.41611111,25.70777778,25.561944445
2022-06-08,"Ohio Pass Low",3,"14:00","14:34","14:00","14:30",2022,25.70777778,26.09722222,25.9025
2022-06-09,"Stupid Falls",1,"10:00","10:36","10:00","10:30",2022,23.58111111,24.73777778,24.159444445
2022-06-09,"Stupid Falls",2,"12:00","12:33","12:00","12:30",2022,24.835,24.93111111,24.883055555
2022-06-09,"Stupid Falls",3,"14:00","14:31","14:00","14:30",2022,25.125,24.64111111,24.883055555
2022-06-12,"Rustlers Gulch",1,"9:55","11:25","10:00","11:30",2022,23.1,25.70777778,24.40388889
2022-06-12,"Rustlers Gulch",2,"12:10","13:40","12:00","13:30",2022,25.22222222,28.555,26.88861111
2022-06-12,"Rustlers Gulch",3,"14:25","15:30","14:30","15:30",2022,27.665,27.56722222,27.61611111
2022-06-13,"Gothic Town",1,"10:14","11:00","10:00","11:00",2022,23.38777778,23.1,23.24388889
2022-06-13,"Gothic Town",2,"12:01","12:24","12:00","12:30",2022,23.96611111,23.96611111,23.96611111
2022-06-13,"Gothic Town",3,"13:57","14:15","14:00","14:30",2022,24.06222222,23.77277778,23.9175
2022-06-14,"Brush Creek Hill",1,"10:03","10:38","10:00","10:30",2022,15.95111111,18.80611111,17.37861111
2022-06-14,"Brush Creek Hill",2,"12:00","12:25","12:00","12:30",2022,18.90111111,19.28222222,19.091666665
2022-06-14,"Brush Creek Hill",3,"13:50","14:10","14:00","14:00",2022,21.56888889,21.56888889,21.56888889
2022-06-15,"Stupid Falls",1,"10:25","10:55","10:30","11:00",2022,19.37722222,19.28222222,19.32972222
2022-06-15,"Stupid Falls",2,"12:00","12:25","12:00","12:30",2022,25.51277778,26.09722222,25.805
2022-06-15,"Stupid Falls",3,"13:53","14:19","14:00","14:30",2022,26.97722222,24.06222222,25.51972222
2022-06-16,"Ohio Pass Low",1,"9:55","10:31","10:00","10:30",2022,23.67722222,25.41611111,24.546666665
2022-06-16,"Ohio Pass Low",2,"11:58","12:32","12:00","12:30",2022,28.555,30.55777778,29.55638889
2022-06-16,"Ohio Pass Low",3,"13:55","14:27","14:00","14:30",2022,33.84777778,33.01388889,33.430833335
2022-06-17,"Avery Picnic",1,"10:00","10:39","10:00","10:30",2022,13.07611111,16.42722222,14.751666665
2022-06-17,"Avery Picnic",2,"11:57","12:28","12:00","12:30",2022,33.84777778,32.49722222,33.1725
2022-06-20,"Virginia Basin",1,"12:57","14:08","13:00","14:00",2022,16.99888889,16.52277778,16.760833335
2022-06-21,"Ohio Pass High",1,"10:07","10:52","10:00","11:00",2022,16.23722222,19.47222222,17.85472222
2022-06-21,"Ohio Pass High",2,"12:00","12:32","12:00","12:30",2022,20.805,21.28222222,21.04361111
2022-06-21,"Ohio Pass High",3,"14:00","14:38","14:00","14:30",2022,21.855,22.71722222,22.28611111
2022-06-21,"Kebler Pass",1,"10:00","10:37","10:00","10:30",2022,22.81222222,23.77277778,23.2925
2022-06-21,"Kebler Pass",2,"12:00","12:33","12:00","12:30",2022,27.17277778,27.37,27.27138889
2022-06-21,"Kebler Pass",3,"13:55","14:25","14:00","14:30",2022,28.95277778,27.96111111,28.456944445
2022-06-22,"Stupid Falls",1,"9:57","10:24","10:00","10:30",2022,23.29222222,21.855,22.57361111
2022-06-22,"Stupid Falls",2,"12:00","12:24","12:00","12:30",2022,23.1,21.09111111,22.095555555
2022-06-22,"Stupid Falls",3,"14:00","14:22","14:00","14:30",2022,20.99611111,19.85277778,20.424444445
2022-06-22,"Brush Creek Hill",1,"10:08","10:41","10:00","10:30",2022,18.90111111,18.71111111,18.80611111
2022-06-22,"Brush Creek Hill",2,"12:00","12:30","12:00","12:30",2022,21.95111111,22.525,22.238055555
2022-06-22,"Brush Creek Hill",3,"14:00","14:30","14:00","14:30",2022,20.805,20.805,20.805
2022-06-24,"Gothic Town",1,"10:00","10:56","10:00","11:00",2022,23.77277778,20.13777778,21.95527778
2022-06-23,"Avery Picnic",1,"10:00","10:30","10:00","10:30",2022,7.682222222,11.13888889,9.410555556
2022-06-23,"Avery Picnic",2,"11:50","12:16","12:00","12:30",2022,22.81222222,23.58111111,23.196666665
2022-06-23,"Avery Picnic",3,"14:11","14:50","14:00","15:00",2022,22.33277778,24.835,23.58388889
2022-06-24,"Ohio Pass Low",2,"11:57","12:27","12:00","12:30",2022,17.855,21.66388889,19.759444445
2022-06-24,"Ohio Pass Low",3,"13:56","14:26","14:00","14:30",2022,25.90222222,27.86222222,26.88222222
2022-06-23,"Rustlers Gulch",1,"10:00","10:38","10:00","10:30",2022,14.23,19.94777778,17.08888889
2022-06-23,"Rustlers Gulch",2,"12:03","13:03","12:00","13:00",2022,21.95111111,23.48388889,22.7175
2022-06-23,"Rustlers Gulch",3,"14:04","14:53","14:00","15:00",2022,23.1,19.28222222,21.19111111
2022-06-25,"Ohio Pass High",1,"10:19","11:18","10:30","11:30",2022,20.42388889,21.56888889,20.99638889
2022-06-25,"Ohio Pass High",2,"12:00","12:59","12:00","13:00",2022,22.14222222,25.31888889,23.730555555
2022-06-25,"Ohio Pass High",3,"14:01","14:56","14:00","15:00",2022,27.17277778,23.96611111,25.569444445
2022-06-27,"Virginia Basin",1,"11:00","11:52","11:00","12:00",2022,13.65388889,17.855,15.754444445
2022-06-28,"Rustlers Gulch",1,"10:01","10:33","10:00","10:30",2022,21.47277778,20.99611111,21.234444445
2022-06-28,"Rustlers Gulch",2,"12:24","13:26","12:30","13:30",2022,20.99611111,26.195,23.595555555
2022-06-29,"Stupid Falls",1,"10:02","10:20","10:00","10:30",2022,27.46777778,27.17277778,27.32027778
2022-06-29,"Stupid Falls",2,"11:59","12:24","12:00","12:30",2022,26.48777778,28.06,27.27388889
2022-06-29,"Stupid Falls",3,"14:02","14:19","14:00","14:30",2022,30.05388889,28.555,29.304444445
2022-07-01,"Gothic Town",1,"9:52","12:12","10:00","12:00",2022,19.94777778,21.18722222,20.5675
2022-07-01,"Kebler Pass",1,"9:42","10:16","09:30","10:30",2022,21.76,24.93111111,23.345555555
2022-07-01,"Kebler Pass",2,"11:30","12:00","11:30","12:00",2022,25.51277778,23.29222222,24.4025
2022-07-01,"Avery Picnic",1,"10:34","13:42","10:30","13:30",2022,14.80388889,19.18722222,16.995555555
2022-07-02,"Ohio Pass High",1,"10:16","11:20","10:30","11:30",2022,19.94777778,22.14222222,21.045
2022-07-02,"Ohio Pass High",2,"12:00","13:06","12:00","13:00",2022,22.62111111,23.96611111,23.29361111
2022-07-02,"Ohio Pass High",3,"13:50","14:55","14:00","15:00",2022,21.56888889,25.41611111,23.4925
2022-07-05,"Brush Creek Hill",1,"10:24","11:03","10:30","11:00",2022,24.44777778,27.075,25.76138889
2022-07-05,"Brush Creek Hill",2,"12:00","12:37","12:00","12:30",2022,21.66388889,23.96611111,22.815
2022-07-05,"Ohio Pass Low",1,"10:00","10:40","10:00","10:30",2022,18.80611111,20.04277778,19.424444445
2022-07-05,"Ohio Pass Low",2,"12:05","12:28","12:00","12:30",2022,18.045,17.76,17.9025
2022-07-06,"Gothic Town",1,"9:50","11:48","10:00","12:00",2022,19.66222222,22.71722222,21.18972222
2022-07-06,"Avery Picnic",1,"10:48","12:12","11:00","12:00",2022,17.475,18.71111111,18.093055555
2022-07-07,"Stupid Falls",1,"9:58","10:23","10:00","10:30",2022,23.29222222,25.41611111,24.354166665
2022-07-07,"Stupid Falls",2,"11:59","12:22","12:00","12:30",2022,27.665,28.555,28.11
2022-07-07,"Stupid Falls",3,"13:57","14:20","14:00","14:30",2022,26.87888889,26.29222222,26.585555555
2022-07-07,"Kebler Pass",1,"10:05","10:46","10:00","11:00",2022,21.95111111,27.27222222,24.611666665
2022-07-07,"Kebler Pass",2,"11:55","12:40","12:00","12:30",2022,26.585,24.06222222,25.32361111
2022-07-07,"Kebler Pass",3,"14:00","14:36","14:00","14:30",2022,28.45611111,26.39,27.423055555
2022-07-08,"Virginia Basin",1,"11:00","13:06","11:00","13:00",2022,20.71,24.15777778,22.43388889
2022-07-08,"Rustlers Gulch",1,"10:00","10:34","10:00","10:30",2022,22.23777778,21.66388889,21.950833335
2022-07-08,"Rustlers Gulch",2,"11:56","12:55","12:00","13:00",2022,25.70777778,24.93111111,25.319444445
2022-07-08,"Rustlers Gulch",3,"13:58","14:35","14:00","14:30",2022,28.25777778,27.86222222,28.06
2022-07-11,"Ohio Pass Low",1,"10:04","10:49","10:00","11:00",2022,21.56888889,25.31888889,23.44388889
2022-07-11,"Ohio Pass Low",2,"12:02","12:41","12:00","12:30",2022,28.06,28.555,28.3075
2022-07-11,"Ohio Pass Low",3,"14:04","14:39","14:00","14:30",2022,30.76,31.37,31.065
2022-07-11,"Ohio Pass High",1,"10:00","10:50","10:00","11:00",2022,21.855,25.805,23.83
2022-07-11,"Ohio Pass High",2,"12:00","12:47","12:00","13:00",2022,26.68277778,28.06,27.37138889
2022-07-11,"Ohio Pass High",3,"14:04","14:51","14:00","15:00",2022,29.45222222,31.16611111,30.309166665
2022-07-12,"Gothic Town",1,"10:22","12:45","10:30","13:00",2022,25.02777778,26.48777778,25.75777778
2022-07-12,"Brush Creek Hill",1,"10:07","10:30","10:00","10:30",2022,22.81222222,24.06222222,23.43722222
2022-07-12,"Brush Creek Hill",2,"12:00","12:28","12:00","12:30",2022,30.15388889,31.26777778,30.710833335
2022-07-12,"Brush Creek Hill",3,"13:58","14:20","14:00","14:30",2022,34.69111111,30.05388889,32.3725
2022-07-13,"Virginia Basin",1,"11:37","14:02","11:30","14:00",2022,21.855,25.51277778,23.68388889
2022-07-13,"Rustlers Gulch",1,"10:00","10:27","10:00","10:30",2022,24.06222222,24.44777778,24.255
2022-07-13,"Rustlers Gulch",2,"12:00","12:34","12:00","12:30",2022,21.76,23.86888889,22.814444445
2022-07-13,"Rustlers Gulch",3,"14:00","14:30","14:00","14:30",2022,20.99611111,21.37777778,21.186944445
2022-07-14,"Avery Picnic",1,"10:23","12:12","10:30","12:00",2022,14.42111111,27.96111111,21.19111111
2022-07-14,"Stupid Falls",1,"10:02","10:25","10:00","10:30",2022,28.15888889,30.45722222,29.308055555
2022-07-14,"Stupid Falls",2,"11:58","12:44","12:00","12:30",2022,29.95277778,33.63888889,31.795833335
2022-07-14,"Stupid Falls",3,"14:04","14:38","14:00","14:30",2022,30.96277778,27.27222222,29.1175
2022-07-18,"Gothic Town",1,"10:25","13:41","10:30","13:30",2022,26.585,27.76388889,27.174444445
2022-07-18,"Kebler Pass",1,"10:00","10:39","10:00","10:30",2022,31.98277778,32.80722222,32.395
2022-07-18,"Kebler Pass",2,"12:00","12:38","12:00","12:30",2022,38.49,36.18722222,37.33861111
2022-07-18,"Kebler Pass",3,"14:00","14:35","14:00","14:30",2022,35.115,33.74277778,34.42888889
2022-07-19,"Virginia Basin",1,"11:33","13:50","11:30","14:00",2022,21.76,25.90222222,23.83111111
2022-07-20,"Ohio Pass High",1,"10:00","10:52","10:00","11:00",2022,24.835,25.70777778,25.27138889
2022-07-20,"Ohio Pass High",2,"12:00","12:55","12:00","13:00",2022,27.96111111,28.75388889,28.3575
2022-07-20,"Ohio Pass High",3,"14:00","14:48","14:00","15:00",2022,31.37,27.27222222,29.32111111
2022-07-20,"Ohio Pass Low",1,"10:08","11:22","10:00","11:30",2022,23.38777778,26.195,24.79138889
2022-07-20,"Ohio Pass Low",2,"12:22","13:22","12:30","13:30",2022,28.45611111,30.255,29.355555555
2022-07-21,"Avery Picnic",1,"10:30","12:42","10:30","12:30",2022,12.88277778,31.06388889,21.973333335
2022-07-22,"Rustlers Gulch",1,"10:00","10:39","10:00","10:30",2022,25.70777778,26.585,26.14638889
2022-07-22,"Rustlers Gulch",2,"12:00","12:37","12:00","12:30",2022,25.70777778,25.805,25.75638889
2022-07-22,"Rustlers Gulch",3,"14:00","14:39","14:00","14:30",2022,26.78111111,28.35722222,27.569166665
2022-07-22,"Stupid Falls",1,"10:11","10:38","10:00","10:30",2022,29.45222222,31.57388889,30.513055555
2022-07-22,"Stupid Falls",2,"12:01","12:41","12:00","12:30",2022,36.18722222,35.64888889,35.918055555
2022-07-22,"Stupid Falls",3,"14:10","14:34","14:00","14:30",2022,25.31888889,28.555,26.936944445
2022-07-23,"Brush Creek Hill",1,"10:10","11:23","10:00","11:30",2022,26.39,33.63888889,30.014444445
2022-07-23,"Brush Creek Hill",2,"12:05","13:05","12:00","13:00",2022,26,32.49722222,29.24861111
2022-07-23,"Brush Creek Hill",3,"13:55","14:50","14:00","15:00",2022,34.585,36.51111111,35.548055555
2022-07-25,"Kebler Pass",1,"10:00","10:32","10:00","10:30",2022,13.94222222,16.14111111,15.041666665
2022-07-25,"Kebler Pass",2,"11:58","12:39","12:00","12:30",2022,19.94777778,19.94777778,19.94777778
2022-07-25,"Kebler Pass",3,"14:00","14:48","14:00","15:00",2022,23.86888889,29.65222222,26.760555555
2022-07-25,"Gothic Town",1,"10:50","12:47","11:00","13:00",2022,17.475,17.95,17.7125
2022-07-26,"Stupid Falls",1,"10:00","10:38","10:00","10:30",2022,25.125,27.96111111,26.543055555
2022-07-26,"Stupid Falls",2,"12:00","12:44","12:00","12:30",2022,29.25222222,30.255,29.75361111
2022-07-26,"Ohio Pass High",1,"10:13","10:58","10:00","11:00",2022,22.14222222,22.14222222,22.14222222
2022-07-26,"Ohio Pass High",2,"11:55","12:40","12:00","12:30",2022,22.90777778,23.58111111,23.244444445
2022-07-26,"Ohio Pass High",3,"13:46","14:26","14:00","14:30",2022,27.27222222,23.29222222,25.28222222
2022-07-27,"Virginia Basin",1,"11:43","14:38","11:30","14:30",2022,22.33277778,26.48777778,24.41027778
2022-08-01,"Avery Picnic",1,"10:21","12:29","10:30","12:30",2022,14.61277778,20.90111111,17.756944445
2022-08-01,"Rustlers Gulch",1,"10:01","10:42","10:00","10:30",2022,20.51888889,22.90777778,21.713333335
2022-08-01,"Rustlers Gulch",2,"12:05","12:43","12:00","12:30",2022,26.585,23.96611111,25.275555555
2022-08-01,"Rustlers Gulch",3,"13:53","14:33","14:00","14:30",2022,24.93111111,22.90777778,23.919444445
2022-08-02,"Virginia Basin",1,"10:35","11:58","10:30","12:00",2022,15.56888889,18.045,16.806944445
2022-08-03,"Ohio Pass High",2,"12:00","12:40","12:00","12:30",2022,24.35111111,25.51277778,24.931944445
2022-08-03,"Ohio Pass High",3,"13:53","14:32","14:00","14:30",2022,28.75388889,28.25777778,28.505833335
2022-08-03,"Kebler Pass",1,"10:10","11:20","10:00","11:30",2022,26.195,31.26777778,28.73138889
2022-08-03,"Kebler Pass",2,"11:56","12:53","12:00","13:00",2022,33.22222222,35.32777778,34.275
2022-08-03,"Kebler Pass",3,"13:55","14:42","14:00","14:30",2022,37.38388889,36.62,37.001944445
2022-08-03,"Brush Creek Hill",1,"10:10","10:45","10:00","11:00",2022,21.47277778,NA,21.47277778
2022-08-04,"Ohio Pass Low",1,"10:20","10:53","10:30","11:00",2022,23.48388889,26,24.741944445
2022-08-04,"Ohio Pass Low",2,"12:01","12:22","12:00","12:30",2022,28.95277778,30.86222222,29.9075
2022-08-04,"Ohio Pass Low",3,"13:59","14:23","14:00","14:30",2022,31.98277778,31.26777778,31.62527778
2022-08-05,"Avery Picnic",1,"10:02","11:39","10:00","11:30",2022,12.20722222,16.23722222,14.22222222
2022-08-08,"Gothic Town",1,"10:00","10:56","10:00","11:00",2022,24.73777778,23.96611111,24.351944445
2022-08-08,"Ohio Pass Low",1,"10:01","10:34","10:00","10:30",2022,22.42888889,25.31888889,23.87388889
2022-08-08,"Ohio Pass Low",2,"12:01","12:33","12:00","12:30",2022,29.35222222,31.37,30.36111111
2022-08-08,"Ohio Pass Low",3,"14:01","14:36","14:00","14:30",2022,33.74277778,30.55777778,32.15027778
2022-08-09,"Virginia Basin",1,"10:21","12:19","10:30","12:30",2022,20.805,27.76388889,24.284444445
2022-08-10,"Kebler Pass",1,"10:08","10:58","10:00","11:00",2022,30.255,36.18722222,33.22111111
2022-08-10,"Kebler Pass",2,"12:02","12:52","12:00","13:00",2022,39.84277778,33.32611111,36.584444445
2022-08-10,"Kebler Pass",3,"13:45","14:33","14:00","14:30",2022,31.06388889,35.54222222,33.303055555
2022-08-10,"Rustlers Gulch",1,"10:00","11:02","10:00","11:00",2022,26.09722222,23.19611111,24.646666665
2022-08-10,"Rustlers Gulch",2,"12:00","12:39","12:00","12:30",2022,25.41611111,24.15777778,24.786944445
2022-08-10,"Rustlers Gulch",3,"13:55","14:58","14:00","15:00",2022,26.78111111,26.68277778,26.731944445
NA,"",NA,"","",NA,NA,NA,NA,NA,NA
NA,"",NA,"","",NA,NA,NA,NA,NA,NA
NA,"",NA,"","",NA,NA,NA,NA,NA,NA
NA,"",NA,"","",NA,NA,NA,NA,NA,NA
NA,"",NA,"","",NA,NA,NA,NA,NA,NA
NA,"",NA,"","",NA,NA,NA,NA,NA,NA
NA,"",NA,"","",NA,NA,NA,NA,NA,NA
NA,"",NA,"","",NA,NA,NA,NA,NA,NA
NA,"",NA,"","",NA,NA,NA,NA,NA,NA
NA,"",NA,"","",NA,NA,NA,NA,NA,NA
NA,"",NA,"","",NA,NA,NA,NA,NA,NA
NA,"",NA,"","",NA,NA,NA,NA,NA,NA
NA,"",NA,"","",NA,NA,NA,NA,NA,NA
NA,"",NA,"","",NA,NA,NA,NA,NA,NA
NA,"",NA,"","",NA,NA,NA,NA,NA,NA
NA,"",NA,"","",NA,NA,NA,NA,NA,NA
NA,"",NA,"","",NA,NA,NA,NA,NA,NA
NA,"",NA,"","",NA,NA,NA,NA,NA,NA
NA,"",NA,"","",NA,NA,NA,NA,NA,NA
NA,"",NA,"","",NA,NA,NA,NA,NA,NA
NA,"",NA,"","",NA,NA,NA,NA,NA,NA
NA,"",NA,"","",NA,NA,NA,NA,NA,NA
NA,"",NA,"","",NA,NA,NA,NA,NA,NA
NA,"",NA,"","",NA,NA,NA,NA,NA,NA
NA,"",NA,"","",NA,NA,NA,NA,NA,NA
NA,"",NA,"","",NA,NA,NA,NA,NA,NA
NA,"",NA,"","",NA,NA,NA,NA,NA,NA
NA,"",NA,"","",NA,NA,NA,NA,NA,NA
NA,"",NA,"","",NA,NA,NA,NA,NA,NA
NA,"",NA,"","",NA,NA,NA,NA,NA,NA
NA,"",NA,"","",NA,NA,NA,NA,NA,NA
NA,"",NA,"","",NA,NA,NA,NA,NA,NA
NA,"",NA,"","",NA,NA,NA,NA,NA,NA
NA,"",NA,"","",NA,NA,NA,NA,NA,NA
NA,"",NA,"","",NA,NA,NA,NA,NA,NA
NA,"",NA,"","",NA,NA,NA,NA,NA,NA
NA,"",NA,"","",NA,NA,NA,NA,NA,NA
NA,"",NA,"","",NA,NA,NA,NA,NA,NA
NA,"",NA,"","",NA,NA,NA,NA,NA,NA
NA,"",NA,"","",NA,NA,NA,NA,NA,NA
NA,"",NA,"","",NA,NA,NA,NA,NA,NA
NA,"",NA,"","",NA,NA,NA,NA,NA,NA
NA,"",NA,"","",NA,NA,NA,NA,NA,NA
NA,"",NA,"","",NA,NA,NA,NA,NA,NA
NA,"",NA,"","",NA,NA,NA,NA,NA,NA
NA,"",NA,"","",NA,NA,NA,NA,NA,NA
NA,"",NA,"","",NA,NA,NA,NA,NA,NA
NA,"",NA,"","",NA,NA,NA,NA,NA,NA
NA,"",NA,"","",NA,NA,NA,NA,NA,NA
NA,"",NA,"","",NA,NA,NA,NA,NA,NA
NA,"",NA,"","",NA,NA,NA,NA,NA,NA
NA,"",NA,"","",NA,NA,NA,NA,NA,NA
NA,"",NA,"","",NA,NA,NA,NA,NA,NA
NA,"",NA,"","",NA,NA,NA,NA,NA,NA
NA,"",NA,"","",NA,NA,NA,NA,NA,NA
NA,"",NA,"","",NA,NA,NA,NA,NA,NA
NA,"",NA,"","",NA,NA,NA,NA,NA,NA
NA,"",NA,"","",NA,NA,NA,NA,NA,NA
NA,"",NA,"","",NA,NA,NA,NA,NA,NA
NA,"",NA,"","",NA,NA,NA,NA,NA,NA
NA,"",NA,"","",NA,NA,NA,NA,NA,NA
NA,"",NA,"","",NA,NA,NA,NA,NA,NA
NA,"",NA,"","",NA,NA,NA,NA,NA,NA
NA,"",NA,"","",NA,NA,NA,NA,NA,NA
NA,"",NA,"","",NA,NA,NA,NA,NA,NA
NA,"",NA,"","",NA,NA,NA,NA,NA,NA
NA,"",NA,"","",NA,NA,NA,NA,NA,NA
NA,"",NA,"","",NA,NA,NA,NA,NA,NA
NA,"",NA,"","",NA,NA,NA,NA,NA,NA
NA,"",NA,"","",NA,NA,NA,NA,NA,NA
NA,"",NA,"","",NA,NA,NA,NA,NA,NA
NA,"",NA,"","",NA,NA,NA,NA,NA,NA
NA,"",NA,"","",NA,NA,NA,NA,NA,NA
NA,"",NA,"","",NA,NA,NA,NA,NA,NA
NA,"",NA,"","",NA,NA,NA,NA,NA,NA
NA,"",NA,"","",NA,NA,NA,NA,NA,NA
NA,"",NA,"","",NA,NA,NA,NA,NA,NA
NA,"",NA,"","",NA,NA,NA,NA,NA,NA
NA,"",NA,"","",NA,NA,NA,NA,NA,NA
NA,"",NA,"","",NA,NA,NA,NA,NA,NA
NA,"",NA,"","",NA,NA,NA,NA,NA,NA
NA,"",NA,"","",NA,NA,NA,NA,NA,NA
NA,"",NA,"","",NA,NA,NA,NA,NA,NA
NA,"",NA,"","",NA,NA,NA,NA,NA,NA
NA,"",NA,"","",NA,NA,NA,NA,NA,NA
NA,"",NA,"","",NA,NA,NA,NA,NA,NA
NA,"",NA,"","",NA,NA,NA,NA,NA,NA
NA,"",NA,"","",NA,NA,NA,NA,NA,NA
NA,"",NA,"","",NA,NA,NA,NA,NA,NA
NA,"",NA,"","",NA,NA,NA,NA,NA,NA
NA,"",NA,"","",NA,NA,NA,NA,NA,NA
NA,"",NA,"","",NA,NA,NA,NA,NA,NA
NA,"",NA,"","",NA,NA,NA,NA,NA,NA
NA,"",NA,"","",NA,NA,NA,NA,NA,NA
NA,"",NA,"","",NA,NA,NA,NA,NA,NA
NA,"",NA,"","",NA,NA,NA,NA,NA,NA
NA,"",NA,"","",NA,NA,NA,NA,NA,NA
NA,"",NA,"","",NA,NA,NA,NA,NA,NA
NA,"",NA,"","",NA,NA,NA,NA,NA,NA
NA,"",NA,"","",NA,NA,NA,NA,NA,NA
NA,"",NA,"","",NA,NA,NA,NA,NA,NA
NA,"",NA,"","",NA,NA,NA,NA,NA,NA
NA,"",NA,"","",NA,NA,NA,NA,NA,NA
NA,"",NA,"","",NA,NA,NA,NA,NA,NA
NA,"",NA,"","",NA,NA,NA,NA,NA,NA
NA,"",NA,"","",NA,NA,NA,NA,NA,NA
NA,"",NA,"","",NA,NA,NA,NA,NA,NA
NA,"",NA,"","",NA,NA,NA,NA,NA,NA
NA,"",NA,"","",NA,NA,NA,NA,NA,NA
NA,"",NA,"","",NA,NA,NA,NA,NA,NA
NA,"",NA,"","",NA,NA,NA,NA,NA,NA
NA,"",NA,"","",NA,NA,NA,NA,NA,NA
NA,"",NA,"","",NA,NA,NA,NA,NA,NA
NA,"",NA,"","",NA,NA,NA,NA,NA,NA
NA,"",NA,"","",NA,NA,NA,NA,NA,NA
NA,"",NA,"","",NA,NA,NA,NA,NA,NA
NA,"",NA,"","",NA,NA,NA,NA,NA,NA
NA,"",NA,"","",NA,NA,NA,NA,NA,NA
NA,"",NA,"","",NA,NA,NA,NA,NA,NA
NA,"",NA,"","",NA,NA,NA,NA,NA,NA
NA,"",NA,"","",NA,NA,NA,NA,NA,NA
NA,"",NA,"","",NA,NA,NA,NA,NA,NA
NA,"",NA,"","",NA,NA,NA,NA,NA,NA
NA,"",NA,"","",NA,NA,NA,NA,NA,NA
NA,"",NA,"","",NA,NA,NA,NA,NA,NA
NA,"",NA,"","",NA,NA,NA,NA,NA,NA
NA,"",NA,"","",NA,NA,NA,NA,NA,NA
NA,"",NA,"","",NA,NA,NA,NA,NA,NA
NA,"",NA,"","",NA,NA,NA,NA,NA,NA
NA,"",NA,"","",NA,NA,NA,NA,NA,NA
NA,"",NA,"","",NA,NA,NA,NA,NA,NA
NA,"",NA,"","",NA,NA,NA,NA,NA,NA
NA,"",NA,"","",NA,NA,NA,NA,NA,NA
NA,"",NA,"","",NA,NA,NA,NA,NA,NA
NA,"",NA,"","",NA,NA,NA,NA,NA,NA
NA,"",NA,"","",NA,NA,NA,NA,NA,NA
NA,"",NA,"","",NA,NA,NA,NA,NA,NA
NA,"",NA,"","",NA,NA,NA,NA,NA,NA
NA,"",NA,"","",NA,NA,NA,NA,NA,NA
NA,"",NA,"","",NA,NA,NA,NA,NA,NA
NA,"",NA,"","",NA,NA,NA,NA,NA,NA
NA,"",NA,"","",NA,NA,NA,NA,NA,NA
NA,"",NA,"","",NA,NA,NA,NA,NA,NA
NA,"",NA,"","",NA,NA,NA,NA,NA,NA
NA,"",NA,"","",NA,NA,NA,NA,NA,NA
NA,"",NA,"","",NA,NA,NA,NA,NA,NA
NA,"",NA,"","",NA,NA,NA,NA,NA,NA
NA,"",NA,"","",NA,NA,NA,NA,NA,NA
NA,"",NA,"","",NA,NA,NA,NA,NA,NA
NA,"",NA,"","",NA,NA,NA,NA,NA,NA
NA,"",NA,"","",NA,NA,NA,NA,NA,NA
NA,"",NA,"","",NA,NA,NA,NA,NA,NA
NA,"",NA,"","",NA,NA,NA,NA,NA,NA
NA,"",NA,"","",NA,NA,NA,NA,NA,NA
NA,"",NA,"","",NA,NA,NA,NA,NA,NA
NA,"",NA,"","",NA,NA,NA,NA,NA,NA
NA,"",NA,"","",NA,NA,NA,NA,NA,NA
NA,"",NA,"","",NA,NA,NA,NA,NA,NA
NA,"",NA,"","",NA,NA,NA,NA,NA,NA
NA,"",NA,"","",NA,NA,NA,NA,NA,NA
NA,"",NA,"","",NA,NA,NA,NA,NA,NA
NA,"",NA,"","",NA,NA,NA,NA,NA,NA
NA,"",NA,"","",NA,NA,NA,NA,NA,NA
NA,"",NA,"","",NA,NA,NA,NA,NA,NA
NA,"",NA,"","",NA,NA,NA,NA,NA,NA
NA,"",NA,"","",NA,NA,NA,NA,NA,NA
NA,"",NA,"","",NA,NA,NA,NA,NA,NA
NA,"",NA,"","",NA,NA,NA,NA,NA,NA
NA,"",NA,"","",NA,NA,NA,NA,NA,NA
NA,"",NA,"","",NA,NA,NA,NA,NA,NA
NA,"",NA,"","",NA,NA,NA,NA,NA,NA
NA,"",NA,"","",NA,NA,NA,NA,NA,NA
NA,"",NA,"","",NA,NA,NA,NA,NA,NA
NA,"",NA,"","",NA,NA,NA,NA,NA,NA
NA,"",NA,"","",NA,NA,NA,NA,NA,NA
NA,"",NA,"","",NA,NA,NA,NA,NA,NA
NA,"",NA,"","",NA,NA,NA,NA,NA,NA
NA,"",NA,"","",NA,NA,NA,NA,NA,NA
NA,"",NA,"","",NA,NA,NA,NA,NA,NA
NA,"",NA,"","",NA,NA,NA,NA,NA,NA
NA,"",NA,"","",NA,NA,NA,NA,NA,NA
NA,"",NA,"","",NA,NA,NA,NA,NA,NA
NA,"",NA,"","",NA,NA,NA,NA,NA,NA
NA,"",NA,"","",NA,NA,NA,NA,NA,NA
NA,"",NA,"","",NA,NA,NA,NA,NA,NA
NA,"",NA,"","",NA,NA,NA,NA,NA,NA
NA,"",NA,"","",NA,NA,NA,NA,NA,NA
NA,"",NA,"","",NA,NA,NA,NA,NA,NA
NA,"",NA,"","",NA,NA,NA,NA,NA,NA
NA,"",NA,"","",NA,NA,NA,NA,NA,NA
NA,"",NA,"","",NA,NA,NA,NA,NA,NA
NA,"",NA,"","",NA,NA,NA,NA,NA,NA
NA,"",NA,"","",NA,NA,NA,NA,NA,NA
NA,"",NA,"","",NA,NA,NA,NA,NA,NA
NA,"",NA,"","",NA,NA,NA,NA,NA,NA
NA,"",NA,"","",NA,NA,NA,NA,NA,NA
NA,"",NA,"","",NA,NA,NA,NA,NA,NA
NA,"",NA,"","",NA,NA,NA,NA,NA,NA
NA,"",NA,"","",NA,NA,NA,NA,NA,NA
NA,"",NA,"","",NA,NA,NA,NA,NA,NA
NA,"",NA,"","",NA,NA,NA,NA,NA,NA
NA,"",NA,"","",NA,NA,NA,NA,NA,NA
NA,"",NA,"","",NA,NA,NA,NA,NA,NA
NA,"",NA,"","",NA,NA,NA,NA,NA,NA
NA,"",NA,"","",NA,NA,NA,NA,NA,NA
NA,"",NA,"","",NA,NA,NA,NA,NA,NA
NA,"",NA,"","",NA,NA,NA,NA,NA,NA
NA,"",NA,"","",NA,NA,NA,NA,NA,NA
NA,"",NA,"","",NA,NA,NA,NA,NA,NA
NA,"",NA,"","",NA,NA,NA,NA,NA,NA
NA,"",NA,"","",NA,NA,NA,NA,NA,NA
NA,"",NA,"","",NA,NA,NA,NA,NA,NA
NA,"",NA,"","",NA,NA,NA,NA,NA,NA
NA,"",NA,"","",NA,NA,NA,NA,NA,NA
NA,"",NA,"","",NA,NA,NA,NA,NA,NA
NA,"",NA,"","",NA,NA,NA,NA,NA,NA
NA,"",NA,"","",NA,NA,NA,NA,NA,NA
NA,"",NA,"","",NA,NA,NA,NA,NA,NA
NA,"",NA,"","",NA,NA,NA,NA,NA,NA
NA,"",NA,"","",NA,NA,NA,NA,NA,NA
NA,"",NA,"","",NA,NA,NA,NA,NA,NA
NA,"",NA,"","",NA,NA,NA,NA,NA,NA
NA,"",NA,"","",NA,NA,NA,NA,NA,NA
NA,"",NA,"","",NA,NA,NA,NA,NA,NA
NA,"",NA,"","",NA,NA,NA,NA,NA,NA
NA,"",NA,"","",NA,NA,NA,NA,NA,NA
NA,"",NA,"","",NA,NA,NA,NA,NA,NA
NA,"",NA,"","",NA,NA,NA,NA,NA,NA
NA,"",NA,"","",NA,NA,NA,NA,NA,NA
NA,"",NA,"","",NA,NA,NA,NA,NA,NA
NA,"",NA,"","",NA,NA,NA,NA,NA,NA
NA,"",NA,"","",NA,NA,NA,NA,NA,NA
NA,"",NA,"","",NA,NA,NA,NA,NA,NA
NA,"",NA,"","",NA,NA,NA,NA,NA,NA
NA,"",NA,"","",NA,NA,NA,NA,NA,NA
NA,"",NA,"","",NA,NA,NA,NA,NA,NA
NA,"",NA,"","",NA,NA,NA,NA,NA,NA
NA,"",NA,"","",NA,NA,NA,NA,NA,NA
NA,"",NA,"","",NA,NA,NA,NA,NA,NA
NA,"",NA,"","",NA,NA,NA,NA,NA,NA
NA,"",NA,"","",NA,NA,NA,NA,NA,NA
NA,"",NA,"","",NA,NA,NA,NA,NA,NA
NA,"",NA,"","",NA,NA,NA,NA,NA,NA
NA,"",NA,"","",NA,NA,NA,NA,NA,NA
NA,"",NA,"","",NA,NA,NA,NA,NA,NA
NA,"",NA,"","",NA,NA,NA,NA,NA,NA
NA,"",NA,"","",NA,NA,NA,NA,NA,NA
NA,"",NA,"","",NA,NA,NA,NA,NA,NA
NA,"",NA,"","",NA,NA,NA,NA,NA,NA
NA,"",NA,"","",NA,NA,NA,NA,NA,NA
NA,"",NA,"","",NA,NA,NA,NA,NA,NA
NA,"",NA,"","",NA,NA,NA,NA,NA,NA
NA,"",NA,"","",NA,NA,NA,NA,NA,NA
NA,"",NA,"","",NA,NA,NA,NA,NA,NA
NA,"",NA,"","",NA,NA,NA,NA,NA,NA
NA,"",NA,"","",NA,NA,NA,NA,NA,NA
NA,"",NA,"","",NA,NA,NA,NA,NA,NA
NA,"",NA,"","",NA,NA,NA,NA,NA,NA
NA,"",NA,"","",NA,NA,NA,NA,NA,NA
NA,"",NA,"","",NA,NA,NA,NA,NA,NA
NA,"",NA,"","",NA,NA,NA,NA,NA,NA
NA,"",NA,"","",NA,NA,NA,NA,NA,NA
NA,"",NA,"","",NA,NA,NA,NA,NA,NA
NA,"",NA,"","",NA,NA,NA,NA,NA,NA
NA,"",NA,"","",NA,NA,NA,NA,NA,NA
NA,"",NA,"","",NA,NA,NA,NA,NA,NA
NA,"",NA,"","",NA,NA,NA,NA,NA,NA
NA,"",NA,"","",NA,NA,NA,NA,NA,NA
NA,"",NA,"","",NA,NA,NA,NA,NA,NA
NA,"",NA,"","",NA,NA,NA,NA,NA,NA
NA,"",NA,"","",NA,NA,NA,NA,NA,NA
NA,"",NA,"","",NA,NA,NA,NA,NA,NA
NA,"",NA,"","",NA,NA,NA,NA,NA,NA
NA,"",NA,"","",NA,NA,NA,NA,NA,NA
NA,"",NA,"","",NA,NA,NA,NA,NA,NA
NA,"",NA,"","",NA,NA,NA,NA,NA,NA
NA,"",NA,"","",NA,NA,NA,NA,NA,NA
NA,"",NA,"","",NA,NA,NA,NA,NA,NA
NA,"",NA,"","",NA,NA,NA,NA,NA,NA
NA,"",NA,"","",NA,NA,NA,NA,NA,NA
NA,"",NA,"","",NA,NA,NA,NA,NA,NA
NA,"",NA,"","",NA,NA,NA,NA,NA,NA
NA,"",NA,"","",NA,NA,NA,NA,NA,NA
NA,"",NA,"","",NA,NA,NA,NA,NA,NA
NA,"",NA,"","",NA,NA,NA,NA,NA,NA
NA,"",NA,"","",NA,NA,NA,NA,NA,NA
NA,"",NA,"","",NA,NA,NA,NA,NA,NA
NA,"",NA,"","",NA,NA,NA,NA,NA,NA
NA,"",NA,"","",NA,NA,NA,NA,NA,NA
NA,"",NA,"","",NA,NA,NA,NA,NA,NA
NA,"",NA,"","",NA,NA,NA,NA,NA,NA
NA,"",NA,"","",NA,NA,NA,NA,NA,NA
NA,"",NA,"","",NA,NA,NA,NA,NA,NA
NA,"",NA,"","",NA,NA,NA,NA,NA,NA
NA,"",NA,"","",NA,NA,NA,NA,NA,NA
NA,"",NA,"","",NA,NA,NA,NA,NA,NA
NA,"",NA,"","",NA,NA,NA,NA,NA,NA
NA,"",NA,"","",NA,NA,NA,NA,NA,NA
NA,"",NA,"","",NA,NA,NA,NA,NA,NA
NA,"",NA,"","",NA,NA,NA,NA,NA,NA
NA,"",NA,"","",NA,NA,NA,NA,NA,NA
NA,"",NA,"","",NA,NA,NA,NA,NA,NA
NA,"",NA,"","",NA,NA,NA,NA,NA,NA
NA,"",NA,"","",NA,NA,NA,NA,NA,NA
NA,"",NA,"","",NA,NA,NA,NA,NA,NA
NA,"",NA,"","",NA,NA,NA,NA,NA,NA
NA,"",NA,"","",NA,NA,NA,NA,NA,NA
NA,"",NA,"","",NA,NA,NA,NA,NA,NA
NA,"",NA,"","",NA,NA,NA,NA,NA,NA
NA,"",NA,"","",NA,NA,NA,NA,NA,NA
NA,"",NA,"","",NA,NA,NA,NA,NA,NA
NA,"",NA,"","",NA,NA,NA,NA,NA,NA
NA,"",NA,"","",NA,NA,NA,NA,NA,NA
NA,"",NA,"","",NA,NA,NA,NA,NA,NA
NA,"",NA,"","",NA,NA,NA,NA,NA,NA
NA,"",NA,"","",NA,NA,NA,NA,NA,NA
NA,"",NA,"","",NA,NA,NA,NA,NA,NA
NA,"",NA,"","",NA,NA,NA,NA,NA,NA
NA,"",NA,"","",NA,NA,NA,NA,NA,NA
NA,"",NA,"","",NA,NA,NA,NA,NA,NA
NA,"",NA,"","",NA,NA,NA,NA,NA,NA
NA,"",NA,"","",NA,NA,NA,NA,NA,NA
NA,"",NA,"","",NA,NA,NA,NA,NA,NA
NA,"",NA,"","",NA,NA,NA,NA,NA,NA
NA,"",NA,"","",NA,NA,NA,NA,NA,NA
NA,"",NA,"","",NA,NA,NA,NA,NA,NA
NA,"",NA,"","",NA,NA,NA,NA,NA,NA
NA,"",NA,"","",NA,NA,NA,NA,NA,NA
NA,"",NA,"","",NA,NA,NA,NA,NA,NA
NA,"",NA,"","",NA,NA,NA,NA,NA,NA
NA,"",NA,"","",NA,NA,NA,NA,NA,NA
NA,"",NA,"","",NA,NA,NA,NA,NA,NA
NA,"",NA,"","",NA,NA,NA,NA,NA,NA
NA,"",NA,"","",NA,NA,NA,NA,NA,NA
NA,"",NA,"","",NA,NA,NA,NA,NA,NA
NA,"",NA,"","",NA,NA,NA,NA,NA,NA
NA,"",NA,"","",NA,NA,NA,NA,NA,NA
NA,"",NA,"","",NA,NA,NA,NA,NA,NA
NA,"",NA,"","",NA,NA,NA,NA,NA,NA
NA,"",NA,"","",NA,NA,NA,NA,NA,NA
NA,"",NA,"","",NA,NA,NA,NA,NA,NA
NA,"",NA,"","",NA,NA,NA,NA,NA,NA
NA,"",NA,"","",NA,NA,NA,NA,NA,NA
NA,"",NA,"","",NA,NA,NA,NA,NA,NA
NA,"",NA,"","",NA,NA,NA,NA,NA,NA
NA,"",NA,"","",NA,NA,NA,NA,NA,NA
NA,"",NA,"","",NA,NA,NA,NA,NA,NA
NA,"",NA,"","",NA,NA,NA,NA,NA,NA
NA,"",NA,"","",NA,NA,NA,NA,NA,NA
NA,"",NA,"","",NA,NA,NA,NA,NA,NA
NA,"",NA,"","",NA,NA,NA,NA,NA,NA
NA,"",NA,"","",NA,NA,NA,NA,NA,NA
NA,"",NA,"","",NA,NA,NA,NA,NA,NA
NA,"",NA,"","",NA,NA,NA,NA,NA,NA
NA,"",NA,"","",NA,NA,NA,NA,NA,NA
NA,"",NA,"","",NA,NA,NA,NA,NA,NA
NA,"",NA,"","",NA,NA,NA,NA,NA,NA
NA,"",NA,"","",NA,NA,NA,NA,NA,NA
NA,"",NA,"","",NA,NA,NA,NA,NA,NA
NA,"",NA,"","",NA,NA,NA,NA,NA,NA
NA,"",NA,"","",NA,NA,NA,NA,NA,NA
NA,"",NA,"","",NA,NA,NA,NA,NA,NA
NA,"",NA,"","",NA,NA,NA,NA,NA,NA
NA,"",NA,"","",NA,NA,NA,NA,NA,NA
NA,"",NA,"","",NA,NA,NA,NA,NA,NA
NA,"",NA,"","",NA,NA,NA,NA,NA,NA
NA,"",NA,"","",NA,NA,NA,NA,NA,NA
NA,"",NA,"","",NA,NA,NA,NA,NA,NA
NA,"",NA,"","",NA,NA,NA,NA,NA,NA
NA,"",NA,"","",NA,NA,NA,NA,NA,NA
NA,"",NA,"","",NA,NA,NA,NA,NA,NA
NA,"",NA,"","",NA,NA,NA,NA,NA,NA
NA,"",NA,"","",NA,NA,NA,NA,NA,NA
NA,"",NA,"","",NA,NA,NA,NA,NA,NA
NA,"",NA,"","",NA,NA,NA,NA,NA,NA
NA,"",NA,"","",NA,NA,NA,NA,NA,NA
NA,"",NA,"","",NA,NA,NA,NA,NA,NA
NA,"",NA,"","",NA,NA,NA,NA,NA,NA
NA,"",NA,"","",NA,NA,NA,NA,NA,NA
NA,"",NA,"","",NA,NA,NA,NA,NA,NA
NA,"",NA,"","",NA,NA,NA,NA,NA,NA
NA,"",NA,"","",NA,NA,NA,NA,NA,NA
NA,"",NA,"","",NA,NA,NA,NA,NA,NA
NA,"",NA,"","",NA,NA,NA,NA,NA,NA
NA,"",NA,"","",NA,NA,NA,NA,NA,NA
NA,"",NA,"","",NA,NA,NA,NA,NA,NA
NA,"",NA,"","",NA,NA,NA,NA,NA,NA
NA,"",NA,"","",NA,NA,NA,NA,NA,NA
NA,"",NA,"","",NA,NA,NA,NA,NA,NA
NA,"",NA,"","",NA,NA,NA,NA,NA,NA
NA,"",NA,"","",NA,NA,NA,NA,NA,NA
NA,"",NA,"","",NA,NA,NA,NA,NA,NA
NA,"",NA,"","",NA,NA,NA,NA,NA,NA
NA,"",NA,"","",NA,NA,NA,NA,NA,NA
NA,"",NA,"","",NA,NA,NA,NA,NA,NA
NA,"",NA,"","",NA,NA,NA,NA,NA,NA
NA,"",NA,"","",NA,NA,NA,NA,NA,NA
NA,"",NA,"","",NA,NA,NA,NA,NA,NA
NA,"",NA,"","",NA,NA,NA,NA,NA,NA
NA,"",NA,"","",NA,NA,NA,NA,NA,NA
NA,"",NA,"","",NA,NA,NA,NA,NA,NA
NA,"",NA,"","",NA,NA,NA,NA,NA,NA
NA,"",NA,"","",NA,NA,NA,NA,NA,NA
NA,"",NA,"","",NA,NA,NA,NA,NA,NA
NA,"",NA,"","",NA,NA,NA,NA,NA,NA
NA,"",NA,"","",NA,NA,NA,NA,NA,NA
NA,"",NA,"","",NA,NA,NA,NA,NA,NA
NA,"",NA,"","",NA,NA,NA,NA,NA,NA
NA,"",NA,"","",NA,NA,NA,NA,NA,NA
NA,"",NA,"","",NA,NA,NA,NA,NA,NA
NA,"",NA,"","",NA,NA,NA,NA,NA,NA
NA,"",NA,"","",NA,NA,NA,NA,NA,NA
NA,"",NA,"","",NA,NA,NA,NA,NA,NA
NA,"",NA,"","",NA,NA,NA,NA,NA,NA
NA,"",NA,"","",NA,NA,NA,NA,NA,NA
NA,"",NA,"","",NA,NA,NA,NA,NA,NA
NA,"",NA,"","",NA,NA,NA,NA,NA,NA
NA,"",NA,"","",NA,NA,NA,NA,NA,NA
NA,"",NA,"","",NA,NA,NA,NA,NA,NA
NA,"",NA,"","",NA,NA,NA,NA,NA,NA
NA,"",NA,"","",NA,NA,NA,NA,NA,NA
NA,"",NA,"","",NA,NA,NA,NA,NA,NA
NA,"",NA,"","",NA,NA,NA,NA,NA,NA
NA,"",NA,"","",NA,NA,NA,NA,NA,NA
NA,"",NA,"","",NA,NA,NA,NA,NA,NA
NA,"",NA,"","",NA,NA,NA,NA,NA,NA
NA,"",NA,"","",NA,NA,NA,NA,NA,NA
NA,"",NA,"","",NA,NA,NA,NA,NA,NA
NA,"",NA,"","",NA,NA,NA,NA,NA,NA
NA,"",NA,"","",NA,NA,NA,NA,NA,NA
NA,"",NA,"","",NA,NA,NA,NA,NA,NA
NA,"",NA,"","",NA,NA,NA,NA,NA,NA
NA,"",NA,"","",NA,NA,NA,NA,NA,NA
NA,"",NA,"","",NA,NA,NA,NA,NA,NA
NA,"",NA,"","",NA,NA,NA,NA,NA,NA
NA,"",NA,"","",NA,NA,NA,NA,NA,NA
NA,"",NA,"","",NA,NA,NA,NA,NA,NA
NA,"",NA,"","",NA,NA,NA,NA,NA,NA
NA,"",NA,"","",NA,NA,NA,NA,NA,NA
NA,"",NA,"","",NA,NA,NA,NA,NA,NA
NA,"",NA,"","",NA,NA,NA,NA,NA,NA
NA,"",NA,"","",NA,NA,NA,NA,NA,NA
NA,"",NA,"","",NA,NA,NA,NA,NA,NA
NA,"",NA,"","",NA,NA,NA,NA,NA,NA
NA,"",NA,"","",NA,NA,NA,NA,NA,NA
NA,"",NA,"","",NA,NA,NA,NA,NA,NA
NA,"",NA,"","",NA,NA,NA,NA,NA,NA
NA,"",NA,"","",NA,NA,NA,NA,NA,NA
NA,"",NA,"","",NA,NA,NA,NA,NA,NA
NA,"",NA,"","",NA,NA,NA,NA,NA,NA
NA,"",NA,"","",NA,NA,NA,NA,NA,NA
NA,"",NA,"","",NA,NA,NA,NA,NA,NA
NA,"",NA,"","",NA,NA,NA,NA,NA,NA
NA,"",NA,"","",NA,NA,NA,NA,NA,NA
NA,"",NA,"","",NA,NA,NA,NA,NA,NA
NA,"",NA,"","",NA,NA,NA,NA,NA,NA
NA,"",NA,"","",NA,NA,NA,NA,NA,NA
NA,"",NA,"","",NA,NA,NA,NA,NA,NA
NA,"",NA,"","",NA,NA,NA,NA,NA,NA
NA,"",NA,"","",NA,NA,NA,NA,NA,NA
NA,"",NA,"","",NA,NA,NA,NA,NA,NA
NA,"",NA,"","",NA,NA,NA,NA,NA,NA
NA,"",NA,"","",NA,NA,NA,NA,NA,NA
NA,"",NA,"","",NA,NA,NA,NA,NA,NA
NA,"",NA,"","",NA,NA,NA,NA,NA,NA
NA,"",NA,"","",NA,NA,NA,NA,NA,NA
NA,"",NA,"","",NA,NA,NA,NA,NA,NA
NA,"",NA,"","",NA,NA,NA,NA,NA,NA
NA,"",NA,"","",NA,NA,NA,NA,NA,NA
NA,"",NA,"","",NA,NA,NA,NA,NA,NA
NA,"",NA,"","",NA,NA,NA,NA,NA,NA
NA,"",NA,"","",NA,NA,NA,NA,NA,NA
NA,"",NA,"","",NA,NA,NA,NA,NA,NA
NA,"",NA,"","",NA,NA,NA,NA,NA,NA
NA,"",NA,"","",NA,NA,NA,NA,NA,NA
NA,"",NA,"","",NA,NA,NA,NA,NA,NA
NA,"",NA,"","",NA,NA,NA,NA,NA,NA
NA,"",NA,"","",NA,NA,NA,NA,NA,NA
NA,"",NA,"","",NA,NA,NA,NA,NA,NA
NA,"",NA,"","",NA,NA,NA,NA,NA,NA
NA,"",NA,"","",NA,NA,NA,NA,NA,NA
NA,"",NA,"","",NA,NA,NA,NA,NA,NA
NA,"",NA,"","",NA,NA,NA,NA,NA,NA
NA,"",NA,"","",NA,NA,NA,NA,NA,NA
NA,"",NA,"","",NA,NA,NA,NA,NA,NA
NA,"",NA,"","",NA,NA,NA,NA,NA,NA
NA,"",NA,"","",NA,NA,NA,NA,NA,NA
NA,"",NA,"","",NA,NA,NA,NA,NA,NA
NA,"",NA,"","",NA,NA,NA,NA,NA,NA
NA,"",NA,"","",NA,NA,NA,NA,NA,NA
NA,"",NA,"","",NA,NA,NA,NA,NA,NA
NA,"",NA,"","",NA,NA,NA,NA,NA,NA
NA,"",NA,"","",NA,NA,NA,NA,NA,NA
NA,"",NA,"","",NA,NA,NA,NA,NA,NA
NA,"",NA,"","",NA,NA,NA,NA,NA,NA
NA,"",NA,"","",NA,NA,NA,NA,NA,NA
NA,"",NA,"","",NA,NA,NA,NA,NA,NA
NA,"",NA,"","",NA,NA,NA,NA,NA,NA
NA,"",NA,"","",NA,NA,NA,NA,NA,NA
NA,"",NA,"","",NA,NA,NA,NA,NA,NA
NA,"",NA,"","",NA,NA,NA,NA,NA,NA
NA,"",NA,"","",NA,NA,NA,NA,NA,NA
NA,"",NA,"","",NA,NA,NA,NA,NA,NA
NA,"",NA,"","",NA,NA,NA,NA,NA,NA
NA,"",NA,"","",NA,NA,NA,NA,NA,NA
NA,"",NA,"","",NA,NA,NA,NA,NA,NA
NA,"",NA,"","",NA,NA,NA,NA,NA,NA
NA,"",NA,"","",NA,NA,NA,NA,NA,NA
NA,"",NA,"","",NA,NA,NA,NA,NA,NA
NA,"",NA,"","",NA,NA,NA,NA,NA,NA
NA,"",NA,"","",NA,NA,NA,NA,NA,NA
NA,"",NA,"","",NA,NA,NA,NA,NA,NA
NA,"",NA,"","",NA,NA,NA,NA,NA,NA
NA,"",NA,"","",NA,NA,NA,NA,NA,NA
NA,"",NA,"","",NA,NA,NA,NA,NA,NA
NA,"",NA,"","",NA,NA,NA,NA,NA,NA
NA,"",NA,"","",NA,NA,NA,NA,NA,NA
